id,first_name,last_name,email,gender
1,Agnola,Napier,anapier0@ebay.com,Polygender
2,Jacobo,Thecham,jthecham1@nps.gov,Male
3,Silva,Strattan,sstrattan2@stumbleupon.com,Polygender
4,Alfonse,Kunc,akunc3@nih.gov,Male
5,Ezequiel,Grabiec,egrabiec4@unblog.fr,Male
6,Fredra,Penylton,fpenylton5@ucoz.com,Bigender
7,Heriberto,Roskell,hroskell6@yellowbook.com,Male
8,Vittorio,McGaughey,vmcgaughey7@php.net,Male
9,Kaile,Coston,kcoston8@deliciousdays.com,Female
10,Kylie,Crownshaw,kcrownshaw9@twitter.com,Male
11,Opaline,McFarlan,omcfarlana@wufoo.com,Female
12,Lorin,Coetzee,lcoetzeeb@skyrock.com,Male
13,Sharyl,Hubner,shubnerc@tinyurl.com,Female
14,Delcina,MacWilliam,dmacwilliamd@cdbaby.com,Female
15,Hynda,Fullerd,hfullerde@ftc.gov,Female
16,Carlota,Bordman,cbordmanf@dell.com,Female
17,Stewart,Pimer,spimerg@scientificamerican.com,Male
18,Gan,Furzer,gfurzerh@yandex.ru,Male
19,Horace,Weber,hweberi@yellowbook.com,Male
20,Peg,Von Helmholtz,pvonhelmholtzj@marketwatch.com,Female
21,Delcine,Bartocci,dbartoccik@wsj.com,Female
22,Lia,Mills,lmillsl@sciencedirect.com,Female
23,Dylan,Giorgio,dgiorgiom@networksolutions.com,Male
24,Wang,Duddle,wduddlen@google.cn,Male
25,Lucio,Uff,luffo@yolasite.com,Male
26,Ev,Chivrall,echivrallp@sphinn.com,Male
27,Suzie,Zmitruk,szmitrukq@storify.com,Female
28,Ross,Trim,rtrimr@github.io,Male
29,Fred,Terrans,fterranss@biglobe.ne.jp,Male
30,Manfred,Hopfner,mhopfnert@hao123.com,Male
31,Whitney,Falkner,wfalkneru@rediff.com,Male
32,Anders,Jacobson,ajacobsonv@joomla.org,Male
33,Steffie,Brozek,sbrozekw@stumbleupon.com,Female
34,Editha,Duckfield,educkfieldx@phoca.cz,Female
35,Perice,Springett,pspringetty@edublogs.org,Male
36,Alla,Hamfleet,ahamfleetz@bloomberg.com,Female
37,Leupold,Mochan,lmochan10@tinypic.com,Male
38,Trefor,Burnes,tburnes11@trellian.com,Male
39,Eugenie,Nisot,enisot12@gmpg.org,Female
40,Velvet,Gregoli,vgregoli13@behance.net,Female
41,Rhianon,Klimko,rklimko14@netlog.com,Female
42,Othelia,Sefton,osefton15@nationalgeographic.com,Female
43,Timoteo,Denyagin,tdenyagin16@purevolume.com,Non-binary
44,Christopher,Georges,cgeorges17@tripod.com,Male
45,Shoshanna,Scading,sscading18@topsy.com,Female
46,Meta,Sudell,msudell19@hugedomains.com,Female
47,Bern,Sloy,bsloy1a@java.com,Male
48,Jorgan,Petchell,jpetchell1b@wikispaces.com,Male
49,Joni,Varley,jvarley1c@sohu.com,Female
50,Odette,Pringer,opringer1d@acquirethisname.com,Female
51,Daryle,Gale,dgale1e@netlog.com,Male
52,Tann,Kerins,tkerins1f@edublogs.org,Male
53,Roland,Wimbush,rwimbush1g@pagesperso-orange.fr,Male
54,Kiley,Coad,kcoad1h@fc2.com,Female
55,Roseanna,Le Provost,rleprovost1i@odnoklassniki.ru,Female
56,Thorin,Theodoris,ttheodoris1j@telegraph.co.uk,Male
57,Herman,Dykas,hdykas1k@msu.edu,Male
58,Robinet,Borit,rborit1l@java.com,Male
59,Mathias,Kaley,mkaley1m@reverbnation.com,Male
60,Gerardo,Grayham,ggrayham1n@quantcast.com,Male
61,Gallagher,McAusland,gmcausland1o@redcross.org,Male
62,Alikee,Gookey,agookey1p@netvibes.com,Female
63,Margette,Grover,mgrover1q@guardian.co.uk,Female
64,Thorpe,Ivanenko,tivanenko1r@ustream.tv,Male
65,Joella,Ryves,jryves1s@seattletimes.com,Female
66,Briant,Mansion,bmansion1t@google.de,Male
67,Annabela,Milland,amilland1u@vkontakte.ru,Female
68,Ebony,Hallgarth,ehallgarth1v@nifty.com,Female
69,Baxter,Perrelli,bperrelli1w@ask.com,Male
70,Ree,Dyet,rdyet1x@cnet.com,Female
71,Graig,Tarbet,gtarbet1y@adobe.com,Male
72,Carrol,Lautie,clautie1z@weather.com,Male
73,Freddie,Buggs,fbuggs20@yale.edu,Female
74,Andra,Indruch,aindruch21@lulu.com,Female
75,Rona,Ferne,rferne22@a8.net,Female
76,Henri,Tootin,htootin23@redcross.org,Male
77,Lurline,Dutson,ldutson24@wufoo.com,Female
78,Fremont,Hazleton,fhazleton25@mac.com,Male
79,Jenna,Eicheler,jeicheler26@google.co.uk,Genderqueer
80,Caprice,Fielders,cfielders27@indiatimes.com,Female
81,Darrell,Pogg,dpogg28@addtoany.com,Agender
82,Ami,Fawdrie,afawdrie29@sohu.com,Female
83,Addison,Witherspoon,awitherspoon2a@nba.com,Male
84,Babita,Raithmill,braithmill2b@vkontakte.ru,Genderfluid
85,Elnar,O'Leary,eoleary2c@netlog.com,Male
86,Jocelyn,Smart,jsmart2d@mozilla.org,Female
87,Iorgo,Rudwell,irudwell2e@hud.gov,Male
88,Pablo,Putman,pputman2f@privacy.gov.au,Male
89,Merrily,Metts,mmetts2g@sina.com.cn,Female
90,Abra,Sermin,asermin2h@nsw.gov.au,Polygender
91,Lizette,Bloxholm,lbloxholm2i@usgs.gov,Female
92,Gwenni,Veare,gveare2j@ca.gov,Female
93,Bayard,Ivanisov,bivanisov2k@trellian.com,Male
94,Carole,Devonish,cdevonish2l@163.com,Female
95,Gawain,Dullingham,gdullingham2m@hatena.ne.jp,Male
96,Demeter,Ellershaw,dellershaw2n@disqus.com,Female
97,Salomone,Durdy,sdurdy2o@senate.gov,Male
98,Babette,Algy,balgy2p@cisco.com,Female
99,Kathleen,Wigley,kwigley2q@deviantart.com,Female
100,Allie,Sauvain,asauvain2r@tinypic.com,Female
101,Josey,McGuckin,jmcguckin2s@alexa.com,Female
102,Christan,Nobbs,cnobbs2t@bandcamp.com,Female
103,Marley,Aslie,maslie2u@reverbnation.com,Genderqueer
104,Alidia,Rasher,arasher2v@spotify.com,Agender
105,Ruth,Bessent,rbessent2w@state.gov,Female
106,Claiborn,Staniford,cstaniford2x@state.gov,Male
107,Hakeem,Poleye,hpoleye2y@illinois.edu,Male
108,Caresa,Spriddle,cspriddle2z@artisteer.com,Polygender
109,Adam,McGuigan,amcguigan30@lycos.com,Male
110,Sherlocke,Jessop,sjessop31@blinklist.com,Agender
111,Hobard,Devita,hdevita32@dedecms.com,Male
112,Marianne,Mishow,mmishow33@paginegialle.it,Female
113,Quillan,Moxstead,qmoxstead34@forbes.com,Male
114,Bert,Nice,bnice35@elegantthemes.com,Female
115,Ellyn,McAlister,emcalister36@ycombinator.com,Female
116,Kenn,Herreran,kherreran37@washington.edu,Male
117,Dorena,Jakel,djakel38@facebook.com,Female
118,Donia,Weekes,dweekes39@techcrunch.com,Female
119,Sigfrid,Snowman,ssnowman3a@ebay.com,Male
120,Jens,Shorten,jshorten3b@theatlantic.com,Male
121,Hartley,Umfrey,humfrey3c@deliciousdays.com,Male
122,Scott,Maddock,smaddock3d@youtu.be,Male
123,Taffy,Kerswill,tkerswill3e@cisco.com,Female
124,Vicky,Lemon,vlemon3f@devhub.com,Female
125,Mycah,Coste,mcoste3g@china.com.cn,Male
126,Royall,Lillyman,rlillyman3h@shareasale.com,Male
127,Doll,Brennon,dbrennon3i@altervista.org,Female
128,Enrika,Crossingham,ecrossingham3j@google.com,Female
129,Prissie,Lace,place3k@linkedin.com,Female
130,Tiebout,McAuslene,tmcauslene3l@businessweek.com,Male
131,Susanna,Eronie,seronie3m@weebly.com,Female
132,Minnaminnie,Kidde,mkidde3n@ted.com,Female
133,Freddy,Dallon,fdallon3o@forbes.com,Female
134,Tally,Adan,tadan3p@vkontakte.ru,Male
135,Morley,Ruckhard,mruckhard3q@mlb.com,Male
136,Skelly,Tollow,stollow3r@wordpress.com,Male
137,Jessalyn,Cantrill,jcantrill3s@nature.com,Female
138,Saxon,Seifenmacher,sseifenmacher3t@census.gov,Male
139,Kevan,Laban,klaban3u@bigcartel.com,Male
140,Arne,Torricina,atorricina3v@imdb.com,Male
141,Barbette,Pavlasek,bpavlasek3w@microsoft.com,Female
142,Erich,Indgs,eindgs3x@amazon.co.uk,Male
143,Doralynn,Cambden,dcambden3y@booking.com,Female
144,Bernetta,Rains,brains3z@canalblog.com,Female
145,Candace,Etty,cetty40@nasa.gov,Female
146,Ignacius,Josilowski,ijosilowski41@behance.net,Male
147,Nelli,Pavlishchev,npavlishchev42@imgur.com,Female
148,Myrta,Bremmell,mbremmell43@etsy.com,Female
149,Page,Gilpillan,pgilpillan44@usa.gov,Male
150,Jacinda,Pirson,jpirson45@cnet.com,Female
151,Sheela,Bonas,sbonas46@flickr.com,Female
152,Clayborne,Iacomini,ciacomini47@ihg.com,Male
153,Teodoro,Nibley,tnibley48@ox.ac.uk,Male
154,Christoffer,Syms,csyms49@wix.com,Male
155,Corella,Ivy,civy4a@yahoo.com,Female
156,Sinclare,Milius,smilius4b@bbc.co.uk,Male
157,Waverly,Inker,winker4c@meetup.com,Male
158,Adora,Tunnacliffe,atunnacliffe4d@example.com,Female
159,Star,Pardew,spardew4e@alibaba.com,Female
160,Adoree,McConnulty,amcconnulty4f@oaic.gov.au,Female
161,Electra,Leverage,eleverage4g@usgs.gov,Female
162,Cinnamon,Berney,cberney4h@npr.org,Female
163,Iolanthe,Jumel,ijumel4i@berkeley.edu,Female
164,Sephira,Durkin,sdurkin4j@friendfeed.com,Female
165,Thor,Boyson,tboyson4k@wired.com,Male
166,Culley,Espie,cespie4l@topsy.com,Male
167,Kele,Fuzzey,kfuzzey4m@google.pl,Male
168,Donaugh,Defty,ddefty4n@europa.eu,Male
169,Chickie,Tume,ctume4o@etsy.com,Male
170,Christie,Mynett,cmynett4p@smh.com.au,Female
171,Maure,Dirr,mdirr4q@dagondesign.com,Female
172,Archaimbaud,Kubasek,akubasek4r@51.la,Male
173,Daria,Plampin,dplampin4s@google.com.hk,Female
174,Angelika,Spoole,aspoole4t@t.co,Female
175,Leon,Bossons,lbossons4u@com.com,Male
176,Kelcy,Kavanagh,kkavanagh4v@sbwire.com,Female
177,Margette,Jindracek,mjindracek4w@twitter.com,Female
178,Waylen,Vittle,wvittle4x@businessinsider.com,Male
179,Tad,Bertouloume,tbertouloume4y@github.io,Male
180,Regen,Schneidau,rschneidau4z@discuz.net,Male
181,Ruthanne,Labin,rlabin50@google.com.br,Female
182,Nonnah,Louder,nlouder51@sciencedirect.com,Female
183,Kennie,De Morena,kdemorena52@globo.com,Male
184,Jessie,Murrhardt,jmurrhardt53@fastcompany.com,Male
185,Rhianna,Gallymore,rgallymore54@furl.net,Female
186,Tome,Nelane,tnelane55@utexas.edu,Male
187,Carla,Cremer,ccremer56@amazon.de,Female
188,Aurelie,Seccombe,aseccombe57@histats.com,Female
189,Flss,Swindles,fswindles58@umich.edu,Genderqueer
190,Paton,Dossantos,pdossantos59@51.la,Male
191,Hobard,Blind,hblind5a@linkedin.com,Male
192,Mela,MacAindreis,mmacaindreis5b@sina.com.cn,Female
193,Tate,Wellbelove,twellbelove5c@tinyurl.com,Male
194,Esra,Sansome,esansome5d@etsy.com,Male
195,Janean,Bygreaves,jbygreaves5e@youtube.com,Female
196,Shannen,Raithmill,sraithmill5f@fema.gov,Female
197,Nana,Maskelyne,nmaskelyne5g@howstuffworks.com,Female
198,Adrianne,Towell,atowell5h@furl.net,Female
199,Hedwig,Fleming,hfleming5i@netvibes.com,Female
200,Brewster,Liles,bliles5j@wunderground.com,Male
201,Florette,Carrol,fcarrol5k@spotify.com,Female
202,Nike,Drillingcourt,ndrillingcourt5l@google.com.au,Female
203,Lorri,Umney,lumney5m@bing.com,Female
204,Greg,Burgoin,gburgoin5n@pinterest.com,Agender
205,Megan,Rainsbury,mrainsbury5o@hugedomains.com,Female
206,Rufe,Knapp,rknapp5p@etsy.com,Male
207,Debee,Pues,dpues5q@ucla.edu,Female
208,Isador,Heyworth,iheyworth5r@wordpress.org,Male
209,Agosto,Eggar,aeggar5s@disqus.com,Genderfluid
210,Giorgio,Dixon,gdixon5t@amazon.co.uk,Male
211,Ike,Dennehy,idennehy5u@moonfruit.com,Male
212,Ulla,Gallahar,ugallahar5v@yandex.ru,Genderqueer
213,Yetta,Gladwish,ygladwish5w@geocities.com,Female
214,Josy,McLemon,jmclemon5x@slashdot.org,Female
215,Carolus,Janik,cjanik5y@zimbio.com,Male
216,Charisse,Fincke,cfincke5z@buzzfeed.com,Female
217,Bari,Hallybone,bhallybone60@plala.or.jp,Female
218,Jeremy,Huggill,jhuggill61@chicagotribune.com,Male
219,Calida,Readitt,creaditt62@tripod.com,Female
220,Starla,Pretti,spretti63@mlb.com,Female
221,Anni,Risley,arisley64@networkadvertising.org,Female
222,Frazier,Mablestone,fmablestone65@cnet.com,Male
223,Ianthe,Bruyns,ibruyns66@imgur.com,Female
224,Melosa,Luter,mluter67@baidu.com,Female
225,Cherise,Vasilchenko,cvasilchenko68@google.ru,Female
226,Bertha,Casiero,bcasiero69@ucoz.com,Female
227,Audrye,Pellingar,apellingar6a@google.com.au,Female
228,Delano,Docksey,ddocksey6b@mozilla.org,Agender
229,Harri,Ahrenius,hahrenius6c@marketwatch.com,Female
230,Elisabet,Earey,eearey6d@theglobeandmail.com,Female
231,Tomasina,Smyth,tsmyth6e@webeden.co.uk,Female
232,Mic,Jelphs,mjelphs6f@cbslocal.com,Genderqueer
233,Serge,Haggleton,shaggleton6g@europa.eu,Male
234,Howey,Bagwell,hbagwell6h@ebay.com,Male
235,Ludovico,Winfred,lwinfred6i@deliciousdays.com,Male
236,Wyatt,Tew,wtew6j@epa.gov,Bigender
237,Doralynne,Renahan,drenahan6k@dmoz.org,Female
238,Cord,Huggens,chuggens6l@nba.com,Male
239,Joey,Romaynes,jromaynes6m@ehow.com,Male
240,Serge,Mauro,smauro6n@behance.net,Male
241,Maurine,Bretland,mbretland6o@apple.com,Female
242,Emlen,Winear,ewinear6p@so-net.ne.jp,Male
243,Yancy,Craythorne,ycraythorne6q@pbs.org,Male
244,Prudence,Biscomb,pbiscomb6r@ted.com,Female
245,Mikey,Baron,mbaron6s@netvibes.com,Male
246,Karel,Saurat,ksaurat6t@goodreads.com,Male
247,Rollie,McGriffin,rmcgriffin6u@craigslist.org,Male
248,Timothea,Musprat,tmusprat6v@woothemes.com,Female
249,Tedd,Tremathick,ttremathick6w@phpbb.com,Male
250,Imogene,McNellis,imcnellis6x@icio.us,Female
251,Amerigo,Hallstone,ahallstone6y@spotify.com,Male
252,Winslow,Bilsland,wbilsland6z@ucsd.edu,Male
253,Hyacinthia,Dennison,hdennison70@guardian.co.uk,Female
254,Nataniel,Chopin,nchopin71@eepurl.com,Male
255,Agnese,Grundell,agrundell72@rediff.com,Female
256,Edi,Goade,egoade73@newsvine.com,Female
257,Marian,Sizeland,msizeland74@ihg.com,Female
258,Reggy,Scholey,rscholey75@harvard.edu,Male
259,Blakelee,McSharry,bmcsharry76@cdbaby.com,Female
260,Lon,Iredale,liredale77@shutterfly.com,Male
261,Jeramie,Wylam,jwylam78@list-manage.com,Male
262,Ivor,Osbaldstone,iosbaldstone79@indiatimes.com,Polygender
263,Ardys,Lovart,alovart7a@barnesandnoble.com,Female
264,Dorine,Wretham,dwretham7b@auda.org.au,Female
265,Daryl,Sallings,dsallings7c@mit.edu,Male
266,Claus,Feldon,cfeldon7d@ucoz.ru,Male
267,Davin,Landman,dlandman7e@livejournal.com,Male
268,Brandie,Doumer,bdoumer7f@people.com.cn,Genderfluid
269,Laughton,Fathers,lfathers7g@usda.gov,Male
270,Devon,Dahlbom,ddahlbom7h@stanford.edu,Female
271,Cinda,Tinsley,ctinsley7i@ehow.com,Female
272,Rodolphe,Aggott,raggott7j@youtube.com,Male
273,Cynthea,Gawthrope,cgawthrope7k@elegantthemes.com,Female
274,Artair,Bigglestone,abigglestone7l@feedburner.com,Male
275,Lane,Pulster,lpulster7m@domainmarket.com,Male
276,Ricca,Pugh,rpugh7n@theatlantic.com,Female
277,Vilhelmina,Swindall,vswindall7o@usnews.com,Female
278,Briney,Vedenisov,bvedenisov7p@jugem.jp,Female
279,Roddy,Oldford,roldford7q@mashable.com,Male
280,Ambur,Ballinghall,aballinghall7r@dot.gov,Female
281,Derek,Winterbourne,dwinterbourne7s@wikipedia.org,Male
282,Pearce,Woodhams,pwoodhams7t@reference.com,Male
283,Nicoli,McHale,nmchale7u@artisteer.com,Agender
284,Hilliard,Tollow,htollow7v@oaic.gov.au,Male
285,Mahmud,Lenney,mlenney7w@creativecommons.org,Polygender
286,Emory,Thyer,ethyer7x@rambler.ru,Male
287,Olivero,Abrahm,oabrahm7y@nih.gov,Male
288,Park,Flay,pflay7z@discuz.net,Male
289,Kerwinn,Jedrzejewicz,kjedrzejewicz80@google.nl,Male
290,Norry,Thorius,nthorius81@tinyurl.com,Female
291,Wakefield,Fitchell,wfitchell82@wired.com,Male
292,Johnathon,Keher,jkeher83@cbsnews.com,Male
293,Virgil,Westberg,vwestberg84@exblog.jp,Male
294,Anthony,Le Galle,alegalle85@about.com,Male
295,Elvin,Rolinson,erolinson86@canalblog.com,Male
296,Dionysus,Reedshaw,dreedshaw87@ucoz.com,Male
297,Liuka,Downey,ldowney88@etsy.com,Female
298,Ardelis,Chapple,achapple89@arstechnica.com,Female
299,Franky,Andraud,fandraud8a@slashdot.org,Female
300,Antonietta,Birley,abirley8b@sogou.com,Female
301,Henrietta,Darwin,hdarwin8c@tinypic.com,Female
302,Washington,Desesquelle,wdesesquelle8d@webmd.com,Male
303,Anthony,Laise,alaise8e@so-net.ne.jp,Bigender
304,Miguelita,Eke,meke8f@economist.com,Female
305,Eleonore,Heake,eheake8g@telegraph.co.uk,Female
306,Haslett,Hadingham,hhadingham8h@google.it,Genderfluid
307,Maurise,MacDonogh,mmacdonogh8i@deliciousdays.com,Polygender
308,Farrah,Pond-Jones,fpondjones8j@prlog.org,Female
309,Caleb,Huckle,chuckle8k@gov.uk,Male
310,Livvy,Haimes,lhaimes8l@shop-pro.jp,Female
311,Gilberto,Pallatina,gpallatina8m@php.net,Male
312,Ranee,Camois,rcamois8n@sakura.ne.jp,Female
313,Aluino,Raraty,araraty8o@ft.com,Male
314,Nita,Hedditch,nhedditch8p@hc360.com,Female
315,Siegfried,Spellacy,sspellacy8q@hhs.gov,Male
316,Alfredo,Hansell,ahansell8r@disqus.com,Male
317,Winn,Walkley,wwalkley8s@seesaa.net,Male
318,Larisa,Rigeby,lrigeby8t@msu.edu,Female
319,Orion,Blaney,oblaney8u@issuu.com,Male
320,Buckie,Inkpen,binkpen8v@cmu.edu,Male
321,Faythe,Feeley,ffeeley8w@networkadvertising.org,Female
322,Richard,McGenis,rmcgenis8x@homestead.com,Male
323,Trude,Pace,tpace8y@tinypic.com,Female
324,Niel,Stapylton,nstapylton8z@flavors.me,Male
325,Maggie,Harber,mharber90@mail.ru,Female
326,Dennie,Lundbech,dlundbech91@google.es,Male
327,Rickie,Furman,rfurman92@tiny.cc,Male
328,Jule,Cowe,jcowe93@mac.com,Male
329,Arman,Regardsoe,aregardsoe94@cdc.gov,Male
330,Rory,Milesap,rmilesap95@cafepress.com,Male
331,Rosalinda,Posten,rposten96@blogspot.com,Female
332,Alfred,Dovington,adovington97@squarespace.com,Male
333,Dyna,Malone,dmalone98@ftc.gov,Female
334,Artus,Keerl,akeerl99@networkadvertising.org,Male
335,Hoyt,Darwen,hdarwen9a@patch.com,Male
336,Lawry,MacCracken,lmaccracken9b@mapquest.com,Male
337,Woodie,Rosen,wrosen9c@alexa.com,Male
338,Kev,Scedall,kscedall9d@example.com,Male
339,Jen,Cathrae,jcathrae9e@prweb.com,Female
340,Addison,Cleef,acleef9f@ustream.tv,Male
341,Lynnell,Costanza,lcostanza9g@miibeian.gov.cn,Female
342,Bendix,McKeown,bmckeown9h@time.com,Male
343,Diane-marie,Mattioli,dmattioli9i@furl.net,Female
344,Bartholomew,Kuhnt,bkuhnt9j@histats.com,Male
345,Hamid,Emlyn,hemlyn9k@about.com,Bigender
346,Janet,Sleite,jsleite9l@posterous.com,Female
347,Zandra,Attew,zattew9m@google.cn,Female
348,Vyky,Fumagall,vfumagall9n@google.com.br,Female
349,Thea,Breffit,tbreffit9o@intel.com,Genderfluid
350,Jori,Edmonston,jedmonston9p@craigslist.org,Female
351,Tybi,Cockerton,tcockerton9q@shinystat.com,Female
352,Yoshi,Tudge,ytudge9r@plala.or.jp,Female
353,Shanna,Boullin,sboullin9s@elpais.com,Female
354,Garwood,Pepler,gpepler9t@seattletimes.com,Male
355,Shaylyn,Grishinov,sgrishinov9u@bbc.co.uk,Female
356,Tobi,Denisard,tdenisard9v@princeton.edu,Female
357,Carrol,Ramel,cramel9w@usgs.gov,Male
358,Masha,Dinjes,mdinjes9x@stumbleupon.com,Female
359,Cherish,Ruddell,cruddell9y@vk.com,Bigender
360,Evelyn,Vassay,evassay9z@1688.com,Female
361,Gisele,Troctor,gtroctora0@digg.com,Female
362,Rusty,Bassingham,rbassinghama1@constantcontact.com,Male
363,Thatch,Swiffin,tswiffina2@ycombinator.com,Male
364,Devonne,Searl,dsearla3@pen.io,Female
365,Nola,Bedinham,nbedinhama4@myspace.com,Female
366,Silvano,todor,stodora5@pcworld.com,Male
367,Tulley,McKeaney,tmckeaneya6@sciencedaily.com,Polygender
368,Pippy,Huffer,phuffera7@pen.io,Female
369,Paxton,Blastock,pblastocka8@weather.com,Male
370,Antonius,De Bruyne,adebruynea9@ca.gov,Male
371,Kerrill,Urridge,kurridgeaa@phoca.cz,Female
372,Manuel,Balchin,mbalchinab@nyu.edu,Male
373,Marybelle,Giamuzzo,mgiamuzzoac@bigcartel.com,Female
374,Jenna,Schubert,jschubertad@wikipedia.org,Female
375,Kenn,Egdal,kegdalae@alexa.com,Male
376,Barnabas,Lugard,blugardaf@msu.edu,Male
377,Lorine,De Bruyne,ldebruyneag@gov.uk,Female
378,Ransell,Louw,rlouwah@forbes.com,Genderqueer
379,Dimitry,Tate,dtateai@who.int,Male
380,Abeu,Lurriman,alurrimanaj@illinois.edu,Male
381,Rafi,Hurdman,rhurdmanak@ed.gov,Male
382,Filippa,Bartaletti,fbartalettial@skype.com,Genderfluid
383,Lorianna,Entwhistle,lentwhistleam@webeden.co.uk,Female
384,Ursuline,Bloxland,ubloxlandan@bloglines.com,Female
385,Claire,Barbera,cbarberaao@businesswire.com,Male
386,Hector,Watson,hwatsonap@boston.com,Male
387,Sawyer,Tonnesen,stonnesenaq@godaddy.com,Male
388,Morganica,Cottingham,mcottinghamar@bing.com,Female
389,Brier,L' Anglois,blangloisas@wiley.com,Female
390,Franky,Grishanin,fgrishaninat@yolasite.com,Male
391,Ludovika,Fenck,lfenckau@si.edu,Female
392,Teressa,Mudge,tmudgeav@ycombinator.com,Female
393,Laurens,Rouse,lrouseaw@sourceforge.net,Male
394,Michele,Tonepohl,mtonepohlax@reference.com,Female
395,Esmeralda,Tamas,etamasay@reference.com,Female
396,Duane,Descroix,ddescroixaz@google.nl,Male
397,Daffi,Barbera,dbarberab0@opera.com,Female
398,Issi,Tyler,itylerb1@freewebs.com,Female
399,Marillin,Snasdell,msnasdellb2@techcrunch.com,Female
400,Jennilee,Ridgwell,jridgwellb3@bing.com,Female
401,Laney,Van der Brug,lvanderbrugb4@friendfeed.com,Male
402,Ibrahim,Overstreet,ioverstreetb5@google.com,Male
403,Geordie,Offell,goffellb6@chronoengine.com,Male
404,Freedman,Roggers,froggersb7@discovery.com,Male
405,Vernon,Daelman,vdaelmanb8@nydailynews.com,Genderqueer
406,Rickie,Looney,rlooneyb9@state.gov,Male
407,Latrena,Loukes,lloukesba@va.gov,Female
408,Hendrick,Orford,horfordbb@cnn.com,Male
409,Jewell,Filipychev,jfilipychevbc@deliciousdays.com,Genderfluid
410,Winnah,Thumann,wthumannbd@com.com,Female
411,Porty,Clere,pclerebe@hubpages.com,Male
412,Dorene,Lodden,dloddenbf@ibm.com,Female
413,Cornela,Grinter,cgrinterbg@ebay.co.uk,Female
414,Alberta,Bardill,abardillbh@joomla.org,Female
415,Fergus,Brundrett,fbrundrettbi@nsw.gov.au,Male
416,Hector,Seydlitz,hseydlitzbj@tripadvisor.com,Male
417,Rolfe,O'Flaherty,roflahertybk@arstechnica.com,Male
418,Carina,Sperling,csperlingbl@sun.com,Female
419,Paulo,Terram,pterrambm@sun.com,Male
420,Tiffani,Campes,tcampesbn@people.com.cn,Female
421,Janel,Gilkes,jgilkesbo@home.pl,Female
422,William,McQueen,wmcqueenbp@thetimes.co.uk,Male
423,Darell,Cartmael,dcartmaelbq@marriott.com,Female
424,Lonnard,De Meyer,ldemeyerbr@taobao.com,Male
425,Myrta,Hasnip,mhasnipbs@un.org,Female
426,Daryl,Courtois,dcourtoisbt@toplist.cz,Genderfluid
427,Huey,Dyment,hdymentbu@unblog.fr,Male
428,Alphard,Flintiff,aflintiffbv@icio.us,Male
429,Sandy,Pengilly,spengillybw@berkeley.edu,Female
430,Cosme,Hazeley,chazeleybx@lulu.com,Male
431,Roger,Noury,rnouryby@fda.gov,Non-binary
432,Gus,Gaskoin,ggaskoinbz@bloomberg.com,Male
433,Elfreda,Snowball,esnowballc0@unicef.org,Female
434,Loren,Vannuccinii,lvannucciniic1@behance.net,Female
435,Tamqrah,Trunby,ttrunbyc2@barnesandnoble.com,Female
436,Schuyler,Shrimpling,sshrimplingc3@businessweek.com,Male
437,Leonore,Cokely,lcokelyc4@wiley.com,Female
438,Reynolds,Evenden,revendenc5@flickr.com,Agender
439,Aube,Mossman,amossmanc6@so-net.ne.jp,Male
440,Zed,Osler,zoslerc7@sina.com.cn,Male
441,Griffie,Richt,grichtc8@4shared.com,Male
442,Mycah,Partener,mpartenerc9@spiegel.de,Male
443,Adriana,Montrose,amontroseca@sohu.com,Female
444,Hilton,Pullin,hpullincb@nydailynews.com,Male
445,Shea,Petriello,spetriellocc@vimeo.com,Genderqueer
446,Nathanial,Brandino,nbrandinocd@elpais.com,Male
447,Alejandrina,Venditto,avendittoce@soundcloud.com,Female
448,Lib,Caselli,lcasellicf@vinaora.com,Female
449,Humbert,Janaszkiewicz,hjanaszkiewiczcg@purevolume.com,Male
450,Papagena,Blizard,pblizardch@infoseek.co.jp,Female
451,Kimmy,Larham,klarhamci@businesswire.com,Female
452,Mata,Flintoff,mflintoffcj@cam.ac.uk,Male
453,Tucky,Cavalier,tcavalierck@cnet.com,Male
454,Rudy,Thring,rthringcl@wsj.com,Male
455,Philbert,Balkwill,pbalkwillcm@ameblo.jp,Male
456,Barn,Spinley,bspinleycn@blogger.com,Male
457,Marijn,Gareisr,mgareisrco@reverbnation.com,Male
458,Gilberto,Moscon,gmosconcp@forbes.com,Male
459,Farly,De la Harpe,fdelaharpecq@google.fr,Male
460,Tillie,Curley,tcurleycr@blogger.com,Female
461,Aveline,Cisland,acislandcs@hatena.ne.jp,Female
462,Dallas,McDermot,dmcdermotct@princeton.edu,Female
463,Andras,Hungerford,ahungerfordcu@studiopress.com,Genderfluid
464,Urbanus,Haking,uhakingcv@issuu.com,Male
465,Brigham,Mander,bmandercw@foxnews.com,Male
466,Edd,Tinsey,etinseycx@dyndns.org,Male
467,Rafaelita,Fronczak,rfronczakcy@blogger.com,Female
468,Janessa,Flemmich,jflemmichcz@va.gov,Female
469,Loren,Pfeuffer,lpfeufferd0@java.com,Male
470,Darelle,Bent,dbentd1@mtv.com,Female
471,Garry,Mackie,gmackied2@dailymotion.com,Male
472,Papagena,Hallbord,phallbordd3@dion.ne.jp,Female
473,Jules,Dominicacci,jdominicaccid4@phpbb.com,Genderqueer
474,Giana,Iban,giband5@loc.gov,Female
475,Shae,Colerick,scolerickd6@unesco.org,Female
476,Kaye,Sepey,ksepeyd7@weather.com,Female
477,Ennis,Grose,egrosed8@cisco.com,Male
478,Noe,Beel,nbeeld9@booking.com,Male
479,Roch,Hargreave,rhargreaveda@newsvine.com,Female
480,Odelia,Quest,oquestdb@paginegialle.it,Female
481,Elinor,Lindro,elindrodc@phpbb.com,Female
482,Alexa,Stratiff,astratiffdd@netscape.com,Female
483,Selma,Senecaux,ssenecauxde@virginia.edu,Female
484,Yard,Lindermann,ylindermanndf@mac.com,Male
485,Jacqueline,Gabites,jgabitesdg@nsw.gov.au,Female
486,Morgana,Noury,mnourydh@bizjournals.com,Bigender
487,Nathanil,Smead,nsmeaddi@ustream.tv,Male
488,Kirsteni,Creaven,kcreavendj@plala.or.jp,Female
489,Ker,Rosewall,krosewalldk@amazonaws.com,Male
490,Vernor,Canwell,vcanwelldl@apache.org,Male
491,Tara,Ducker,tduckerdm@nih.gov,Female
492,Cullie,Gowans,cgowansdn@plala.or.jp,Male
493,Ariel,Gjerde,agjerdedo@google.com.br,Female
494,Corene,Vogelein,cvogeleindp@google.com.au,Agender
495,Baudoin,Manueli,bmanuelidq@miibeian.gov.cn,Male
496,Diannne,Brammer,dbrammerdr@scientificamerican.com,Female
497,Phillida,Laurence,plaurenceds@com.com,Female
498,Mechelle,Robertshaw,mrobertshawdt@youku.com,Female
499,Caryl,Morriarty,cmorriartydu@nature.com,Genderqueer
500,Jay,Seabon,jseabondv@canalblog.com,Male
501,Wesley,Shavel,wshaveldw@fema.gov,Male
502,Man,Mulvagh,mmulvaghdx@a8.net,Non-binary
503,Dorry,Hedney,dhedneydy@storify.com,Female
504,Vinnie,Blackater,vblackaterdz@bbb.org,Male
505,Ronica,Kolodziejski,rkolodziejskie0@hubpages.com,Genderqueer
506,Chrisse,Presley,cpresleye1@imageshack.us,Male
507,Erica,Spendlove,espendlovee2@trellian.com,Female
508,Julie,Camilio,jcamilioe3@omniture.com,Male
509,Christa,Utley,cutleye4@google.com.hk,Female
510,Cordie,Jarrett,cjarrette5@accuweather.com,Male
511,Dorothy,Mundford,dmundforde6@independent.co.uk,Female
512,Eudora,Burdytt,eburdytte7@google.es,Genderqueer
513,Roger,Jodkowski,rjodkowskie8@free.fr,Male
514,Marlon,Aicheson,maichesone9@berkeley.edu,Male
515,Myer,Gaw,mgawea@globo.com,Agender
516,Robbert,Eykelbosch,reykelboscheb@nba.com,Male
517,Cristian,Semerad,csemeradec@nba.com,Male
518,Marya,Dellenty,mdellentyed@ca.gov,Female
519,Dianemarie,Rosenvasser,drosenvasseree@fda.gov,Female
520,Woodie,Skamell,wskamellef@craigslist.org,Male
521,Daisy,Adamo,dadamoeg@ftc.gov,Female
522,Hilario,Fulks,hfulkseh@fema.gov,Male
523,Tobey,McKearnen,tmckearnenei@ask.com,Female
524,Gerty,Brooker,gbrookerej@toplist.cz,Female
525,Dalenna,Pauncefort,dpauncefortek@t.co,Female
526,Janella,Faudrie,jfaudrieel@whitehouse.gov,Female
527,Hamlen,Blench,hblenchem@cornell.edu,Male
528,Randell,Shitliffe,rshitliffeen@wp.com,Male
529,Kyle,Rogers,krogerseo@google.ru,Male
530,Tedi,Penhalewick,tpenhalewickep@hostgator.com,Female
531,Gilbertine,MacMeanma,gmacmeanmaeq@psu.edu,Female
532,Shermie,Wales,swaleser@go.com,Male
533,Cam,Jordanson,cjordansones@bloomberg.com,Female
534,Crissy,Fandrey,cfandreyet@yahoo.co.jp,Female
535,Garret,Cherry Holme,gcherryholmeeu@wordpress.org,Male
536,Clerkclaude,Follis,cfollisev@clickbank.net,Male
537,Aurea,Harefoot,aharefootew@etsy.com,Female
538,Marnie,Branwhite,mbranwhiteex@sohu.com,Female
539,Barty,Raggatt,braggattey@nih.gov,Male
540,Renard,Pactat,rpactatez@elpais.com,Male
541,Dorrie,Sollowaye,dsollowayef0@unc.edu,Genderfluid
542,Pattin,Sedworth,psedworthf1@vimeo.com,Male
543,Phillipe,Frood,pfroodf2@prlog.org,Male
544,Thaddus,Quartermain,tquartermainf3@cdbaby.com,Male
545,Dayle,Liddy,dliddyf4@nasa.gov,Female
546,Joe,Conochie,jconochief5@narod.ru,Male
547,Lukas,Gwilliams,lgwilliamsf6@amazonaws.com,Male
548,Genovera,Lotherington,glotheringtonf7@usda.gov,Female
549,Giacopo,Petrulis,gpetrulisf8@themeforest.net,Male
550,Bradney,Minelli,bminellif9@sogou.com,Male
551,Merrick,Witchalls,mwitchallsfa@cbsnews.com,Male
552,Jarred,Sudell,jsudellfb@feedburner.com,Male
553,Conny,Heiden,cheidenfc@shutterfly.com,Male
554,Seward,Puckham,spuckhamfd@sina.com.cn,Male
555,Alain,Carwardine,acarwardinefe@privacy.gov.au,Male
556,Demetri,Bowmer,dbowmerff@free.fr,Male
557,Flossy,Bage,fbagefg@un.org,Female
558,Rania,Bartozzi,rbartozzifh@wp.com,Female
559,Terri,Wetherill,twetherillfi@rambler.ru,Female
560,Urbanus,Guerreru,uguerrerufj@so-net.ne.jp,Male
561,Kerry,Gayden,kgaydenfk@technorati.com,Female
562,Bram,McLagan,bmclaganfl@themeforest.net,Male
563,Binky,Blumire,bblumirefm@delicious.com,Male
564,Chelsy,Tunnicliff,ctunniclifffn@live.com,Female
565,Marjory,Capron,mcapronfo@dedecms.com,Female
566,Symon,McCook,smccookfp@businessinsider.com,Male
567,Dael,Gemson,dgemsonfq@jiathis.com,Female
568,Julieta,Kernock,jkernockfr@sakura.ne.jp,Agender
569,Lynette,Niven,lnivenfs@a8.net,Female
570,Rozalin,Watkins,rwatkinsft@ning.com,Female
571,Hillier,Beddingham,hbeddinghamfu@list-manage.com,Male
572,Rudiger,Daile,rdailefv@dell.com,Male
573,Feliza,Doumer,fdoumerfw@addthis.com,Female
574,Arleta,D'Antonio,adantoniofx@sciencedaily.com,Non-binary
575,Joycelin,Matchett,jmatchettfy@aboutads.info,Female
576,Mauricio,d'Arcy,mdarcyfz@weather.com,Genderfluid
577,Rania,Liccardi,rliccardig0@dell.com,Female
578,Lin,Dimitrescu,ldimitrescug1@tiny.cc,Male
579,Kali,Batsford,kbatsfordg2@gnu.org,Female
580,Hailey,Jennery,hjenneryg3@cbc.ca,Male
581,Granthem,Pauling,gpaulingg4@latimes.com,Male
582,Care,Muldrew,cmuldrewg5@timesonline.co.uk,Male
583,Thurston,Berens,tberensg6@ovh.net,Male
584,Cyrillus,Thon,cthong7@google.nl,Male
585,Tull,Carnew,tcarnewg8@twitpic.com,Genderfluid
586,Vilhelmina,Orring,vorringg9@google.cn,Female
587,Barri,Trevon,btrevonga@so-net.ne.jp,Male
588,Kizzee,Joyes,kjoyesgb@ucla.edu,Female
589,Kelsey,Boone,kboonegc@1und1.de,Female
590,Franciska,Plaskett,fplaskettgd@earthlink.net,Female
591,Faulkner,Toll,ftollge@surveymonkey.com,Genderqueer
592,Carita,Renon,crenongf@tripadvisor.com,Female
593,Cliff,Pywell,cpywellgg@163.com,Male
594,Gretchen,Pauley,gpauleygh@ameblo.jp,Genderqueer
595,Pembroke,Greest,pgreestgi@naver.com,Male
596,Abner,Tuttiett,atuttiettgj@symantec.com,Male
597,Horten,Saffle,hsafflegk@google.pl,Male
598,Banky,Flintiff,bflintiffgl@cbslocal.com,Male
599,Bary,Boocock,bboocockgm@google.co.jp,Male
600,Lamond,Manhood,lmanhoodgn@eventbrite.com,Male
601,Lonny,Tomaello,ltomaellogo@rakuten.co.jp,Male
602,Kerri,Rown,krowngp@people.com.cn,Female
603,Marten,Dongate,mdongategq@admin.ch,Male
604,Gavin,Kubatsch,gkubatschgr@noaa.gov,Male
605,Hallie,Birley,hbirleygs@technorati.com,Female
606,Jenine,Midgley,jmidgleygt@typepad.com,Female
607,Bob,Macoun,bmacoungu@hatena.ne.jp,Male
608,Jim,Dummer,jdummergv@va.gov,Male
609,Leandra,Corker,lcorkergw@harvard.edu,Female
610,Stillman,Blackly,sblacklygx@phpbb.com,Male
611,Tannie,Jakoviljevic,tjakoviljevicgy@lulu.com,Male
612,Uriel,Borge,uborgegz@dedecms.com,Male
613,Mac,Prantoni,mprantonih0@ox.ac.uk,Male
614,Di,Bee,dbeeh1@hibu.com,Female
615,Cullen,Shovell,cshovellh2@vinaora.com,Male
616,Geoffry,Doleman,gdolemanh3@google.co.uk,Male
617,Major,Kerswill,mkerswillh4@scientificamerican.com,Male
618,Catarina,Portriss,cportrissh5@npr.org,Female
619,Lambert,McGrowther,lmcgrowtherh6@altervista.org,Male
620,Catherin,Neeves,cneevesh7@toplist.cz,Female
621,Amalea,Oldroyde,aoldroydeh8@miibeian.gov.cn,Female
622,Jeane,Eliff,jeliffh9@cloudflare.com,Female
623,Javier,Goodlad,jgoodladha@businessinsider.com,Male
624,Waylin,Whitewood,wwhitewoodhb@yellowpages.com,Male
625,Mahala,Foddy,mfoddyhc@merriam-webster.com,Female
626,Winifred,Berens,wberenshd@cloudflare.com,Female
627,Jud,De Pero,jdeperohe@clickbank.net,Male
628,Joan,Burling,jburlinghf@buzzfeed.com,Female
629,Osmund,Sedgemore,osedgemorehg@cloudflare.com,Male
630,Benni,Pittman,bpittmanhh@gnu.org,Female
631,Hyacinth,Wahlberg,hwahlberghi@buzzfeed.com,Female
632,Brittan,Staddon,bstaddonhj@rediff.com,Female
633,Biron,Tebb,btebbhk@comsenz.com,Male
634,Tomaso,Akam,takamhl@twitpic.com,Male
635,Daven,Olivo,dolivohm@t-online.de,Male
636,Somerset,Emanuelli,semanuellihn@wikimedia.org,Male
637,Garner,Bumpas,gbumpasho@digg.com,Male
638,Stella,Kilban,skilbanhp@sciencedaily.com,Female
639,Carter,Snashall,csnashallhq@loc.gov,Male
640,Gerrilee,Ventham,gventhamhr@parallels.com,Female
641,Babita,Skewis,bskewishs@walmart.com,Female
642,Amos,Barus,abarusht@cocolog-nifty.com,Male
643,Hershel,Colegrove,hcolegrovehu@netscape.com,Male
644,Dewain,Dumbrill,ddumbrillhv@google.es,Male
645,Lenette,Pulster,lpulsterhw@va.gov,Female
646,Dukie,Northey,dnortheyhx@theglobeandmail.com,Male
647,Vincenz,Leither,vleitherhy@senate.gov,Male
648,Fabien,Peepall,fpeepallhz@globo.com,Bigender
649,Elvira,Driver,edriveri0@yellowbook.com,Female
650,Perrine,Haldene,phaldenei1@ameblo.jp,Female
651,Dale,Wale,dwalei2@biglobe.ne.jp,Female
652,Gaylene,Brisard,gbrisardi3@harvard.edu,Female
653,Any,Coney,aconeyi4@amazon.co.jp,Male
654,Richart,Theml,rthemli5@bluehost.com,Male
655,Nobie,Scotchmore,nscotchmorei6@admin.ch,Male
656,Den,Howman,dhowmani7@amazon.co.jp,Male
657,Cheri,Headan,cheadani8@ocn.ne.jp,Female
658,Gerta,Gytesham,ggyteshami9@newsvine.com,Agender
659,Eugenie,Mowatt,emowattia@twitpic.com,Female
660,Raymund,Florio,rflorioib@time.com,Male
661,Vonny,Streatfield,vstreatfieldic@weather.com,Female
662,Hercules,Gally,hgallyid@yelp.com,Male
663,Winifield,Pimme,wpimmeie@posterous.com,Male
664,Hartley,Begg,hbeggif@jimdo.com,Male
665,Nesta,Nancarrow,nnancarrowig@wikispaces.com,Female
666,Merlina,Caslett,mcaslettih@wiley.com,Female
667,Stavro,Croisdall,scroisdallii@addtoany.com,Male
668,Valenka,Bridell,vbridellij@gravatar.com,Female
669,Daffy,Gunbie,dgunbieik@hhs.gov,Female
670,Caressa,Rook,crookil@independent.co.uk,Female
671,Callean,Batalle,cbatalleim@biblegateway.com,Male
672,Sumner,Flatt,sflattin@apache.org,Male
673,Chris,Marshland,cmarshlandio@nytimes.com,Male
674,Prudence,Kretschmer,pkretschmerip@ezinearticles.com,Female
675,Webster,Craighead,wcraigheadiq@google.com.au,Bigender
676,Livvyy,Rodd,lroddir@pcworld.com,Female
677,Towny,Wakeley,twakeleyis@alibaba.com,Male
678,Hurlee,Pybworth,hpybworthit@w3.org,Male
679,Sapphira,Leed,sleediu@harvard.edu,Female
680,Devlen,Varlow,dvarlowiv@dmoz.org,Male
681,Sean,Rollings,srollingsiw@cbsnews.com,Male
682,Bennie,Ropcke,bropckeix@exblog.jp,Female
683,Shir,Van T'Hoog,svanthoogiy@macromedia.com,Female
684,Olly,Davidovics,odavidovicsiz@dmoz.org,Male
685,Edmon,Robotham,erobothamj0@ft.com,Genderfluid
686,Hewie,Ollarenshaw,hollarenshawj1@hp.com,Male
687,Tobe,Fair,tfairj2@bigcartel.com,Male
688,Eberhard,Taborre,etaborrej3@google.nl,Non-binary
689,Joete,Gundry,jgundryj4@epa.gov,Polygender
690,Marlon,Hales,mhalesj5@paypal.com,Male
691,Paule,Dowdeswell,pdowdeswellj6@sina.com.cn,Female
692,Dayle,McRavey,dmcraveyj7@google.com.br,Female
693,Oby,Beeston,obeestonj8@bigcartel.com,Male
694,Michaeline,Torald,mtoraldj9@aol.com,Female
695,Keelia,Paulazzi,kpaulazzija@mysql.com,Female
696,Ruperta,Norrie,rnorriejb@aol.com,Female
697,Harriett,Yellowlea,hyellowleajc@netvibes.com,Female
698,Goldie,Wauchope,gwauchopejd@dagondesign.com,Female
699,Issy,Reina,ireinaje@sakura.ne.jp,Female
700,Madelon,Perle,mperlejf@microsoft.com,Female
701,Julia,Roblou,jrobloujg@hexun.com,Female
702,Jacky,Pagram,jpagramjh@gravatar.com,Male
703,Ronni,Dreng,rdrengji@4shared.com,Female
704,Elianora,Cristofari,ecristofarijj@ftc.gov,Female
705,Casie,Binney,cbinneyjk@ox.ac.uk,Female
706,Ashleigh,Chastanet,achastanetjl@live.com,Female
707,Shaun,Santry,ssantryjm@theguardian.com,Male
708,Hobard,Stubbert,hstubbertjn@devhub.com,Male
709,Birgitta,Huett,bhuettjo@jalbum.net,Female
710,Rosanna,Pady,rpadyjp@psu.edu,Female
711,Web,Simner,wsimnerjq@tamu.edu,Male
712,Lucas,Bhatia,lbhatiajr@wsj.com,Male
713,Jere,Renackowna,jrenackownajs@lulu.com,Male
714,Carline,Hurne,churnejt@sciencedirect.com,Female
715,Lilias,Juszczyk,ljuszczykju@walmart.com,Female
716,Emily,Mackness,emacknessjv@economist.com,Female
717,Vasily,Schoolcroft,vschoolcroftjw@ehow.com,Male
718,Alasteir,Frayne,afraynejx@fema.gov,Male
719,Charley,Euesden,ceuesdenjy@hatena.ne.jp,Male
720,Carol-jean,Bissell,cbisselljz@google.pl,Female
721,Abbey,Noades,anoadesk0@wp.com,Polygender
722,Janot,Pree,jpreek1@squarespace.com,Female
723,Mike,Macquire,mmacquirek2@vimeo.com,Polygender
724,Amalle,Killelea,akilleleak3@usatoday.com,Female
725,Isabelita,Yoselevitch,iyoselevitchk4@prlog.org,Female
726,Javier,Bruford,jbrufordk5@google.co.uk,Male
727,Gillie,Lowdyane,glowdyanek6@youtu.be,Female
728,Bethanne,Aires,bairesk7@sciencedirect.com,Female
729,Carey,Berston,cberstonk8@example.com,Male
730,Haleigh,Stother,hstotherk9@usatoday.com,Male
731,Adriana,Potbury,apotburyka@comsenz.com,Female
732,Sharron,Espley,sespleykb@google.de,Female
733,Elfrida,Newlands,enewlandskc@devhub.com,Polygender
734,Kaitlin,Hails,khailskd@walmart.com,Bigender
735,Camellia,Shoosmith,cshoosmithke@etsy.com,Bigender
736,Phaedra,Gajewski,pgajewskikf@newsvine.com,Female
737,Wade,Josefson,wjosefsonkg@amazon.co.uk,Male
738,Cecelia,Crownshaw,ccrownshawkh@baidu.com,Female
739,Annnora,Craddock,acraddockki@gnu.org,Female
740,Herta,Riste,hristekj@addthis.com,Female
741,Galven,Quest,gquestkk@domainmarket.com,Male
742,Marv,Besset,mbessetkl@geocities.jp,Male
743,Kippar,Brugman,kbrugmankm@nationalgeographic.com,Male
744,Harris,Raynes,hrayneskn@mlb.com,Male
745,Egor,Tarling,etarlingko@aboutads.info,Male
746,Gerty,Jacquemard,gjacquemardkp@walmart.com,Female
747,Rosie,Norcross,rnorcrosskq@earthlink.net,Female
748,Annamarie,Bernhardsson,abernhardssonkr@mayoclinic.com,Female
749,Mozelle,McGrouther,mmcgroutherks@nih.gov,Female
750,Forbes,Jowling,fjowlingkt@sogou.com,Male
751,Cobby,Nassy,cnassyku@soup.io,Male
752,Leland,Jarry,ljarrykv@whitehouse.gov,Female
753,Emelita,Whatsize,ewhatsizekw@skype.com,Female
754,Ermina,Brackenridge,ebrackenridgekx@digg.com,Female
755,Claus,Van T'Hoog,cvanthoogky@wikipedia.org,Male
756,Sherline,Omar,somarkz@slideshare.net,Female
757,Arri,Ottam,aottaml0@guardian.co.uk,Male
758,Garry,Elwell,gelwelll1@wikipedia.org,Male
759,Zared,Frome,zfromel2@imgur.com,Male
760,Irwinn,Fargher,ifargherl3@fotki.com,Male
761,Cherry,Joss,cjossl4@is.gd,Female
762,Irv,Woodage,iwoodagel5@constantcontact.com,Male
763,Brewer,Becerro,bbecerrol6@smh.com.au,Male
764,Ardyth,Messer,amesserl7@addthis.com,Female
765,Cam,Vennard,cvennardl8@bbc.co.uk,Female
766,Cesare,Fontel,cfontell9@storify.com,Polygender
767,Teddie,Shadwick,tshadwickla@aol.com,Male
768,Trenton,Antrim,tantrimlb@ustream.tv,Male
769,Moe,Byford,mbyfordlc@typepad.com,Male
770,Kellina,Maybery,kmayberyld@rakuten.co.jp,Bigender
771,Fax,Shapero,fshaperole@amazon.co.uk,Male
772,Sauncho,Colling,scollinglf@dagondesign.com,Male
773,Thomasa,Mullen,tmullenlg@pcworld.com,Female
774,Bink,Flanigan,bflaniganlh@fc2.com,Male
775,Callida,Fellona,cfellonali@nationalgeographic.com,Female
776,Arnold,Speake,aspeakelj@webeden.co.uk,Male
777,Shirl,Kale,skalelk@europa.eu,Female
778,Blane,Shimon,bshimonll@weather.com,Male
779,Fitzgerald,Bockings,fbockingslm@chron.com,Male
780,Bondon,Heinle,bheinleln@360.cn,Male
781,Millard,Pimlett,mpimlettlo@studiopress.com,Genderqueer
782,Dori,Cicetti,dcicettilp@apache.org,Female
783,Jilly,Hamnet,jhamnetlq@oaic.gov.au,Female
784,Melodie,Risdall,mrisdalllr@nifty.com,Female
785,Laurent,Ollcott,lollcottls@blinklist.com,Male
786,Lewes,Bordone,lbordonelt@is.gd,Male
787,Imelda,Tuny,itunylu@ezinearticles.com,Female
788,Eb,Kleinplac,ekleinplaclv@thetimes.co.uk,Male
789,Dorita,Leare,dlearelw@hubpages.com,Female
790,Ber,Kunkel,bkunkellx@networksolutions.com,Bigender
791,Archaimbaud,Cobbin,acobbinly@homestead.com,Male
792,Hastie,Glendzer,hglendzerlz@1und1.de,Male
793,Thelma,Hirth,thirthm0@blinklist.com,Non-binary
794,Lilli,Sadlier,lsadlierm1@cmu.edu,Female
795,Olia,Marchent,omarchentm2@wix.com,Female
796,Lonna,Creber,lcreberm3@microsoft.com,Genderqueer
797,Coretta,O'Dea,codeam4@studiopress.com,Female
798,Thomas,Samwayes,tsamwayesm5@github.io,Male
799,Hester,Millsap,hmillsapm6@oracle.com,Female
800,Kelci,Alessandone,kalessandonem7@nasa.gov,Female
801,Elga,Vant,evantm8@si.edu,Female
802,Merrili,Linnemann,mlinnemannm9@fotki.com,Female
803,Lura,Yukhnevich,lyukhnevichma@example.com,Female
804,Shaun,Comelini,scomelinimb@slideshare.net,Female
805,Cinda,Eldred,celdredmc@i2i.jp,Female
806,Lidia,Dominichelli,ldominichellimd@zdnet.com,Female
807,Harry,Snooks,hsnooksme@furl.net,Male
808,Genovera,Sarsons,gsarsonsmf@w3.org,Female
809,Richart,Lademann,rlademannmg@is.gd,Male
810,Anita,Jefferies,ajefferiesmh@purevolume.com,Female
811,Gale,Dignon,gdignonmi@time.com,Male
812,Ludwig,Joseph,ljosephmj@dyndns.org,Male
813,Angelica,Crier,acriermk@google.ru,Female
814,Neill,Skentelbery,nskentelberyml@bloglovin.com,Male
815,Franny,Dalgleish,fdalgleishmm@miibeian.gov.cn,Male
816,Anders,Golledge,agolledgemn@storify.com,Male
817,Mireielle,Craighall,mcraighallmo@seesaa.net,Female
818,Rodolph,Jordison,rjordisonmp@hubpages.com,Male
819,Peria,Gruszczak,pgruszczakmq@pcworld.com,Female
820,Cilka,Catterill,ccatterillmr@tiny.cc,Female
821,Stirling,Flye,sflyems@mapquest.com,Male
822,Vikki,Addenbrooke,vaddenbrookemt@psu.edu,Bigender
823,Aharon,Barmby,abarmbymu@gnu.org,Male
824,Kippie,Muckian,kmuckianmv@usda.gov,Male
825,Celestyn,Hayball,chayballmw@wikipedia.org,Female
826,Jenine,Wardrope,jwardropemx@wikimedia.org,Female
827,Reginauld,Girton,rgirtonmy@goo.gl,Male
828,Zaria,Bayford,zbayfordmz@cocolog-nifty.com,Female
829,Valida,Pumfrett,vpumfrettn0@bbb.org,Female
830,Kim,Slaney,kslaneyn1@eventbrite.com,Female
831,Chick,Rheaume,crheaumen2@drupal.org,Male
832,Nertie,Newbury,nnewburyn3@wired.com,Female
833,Filippa,Parysiak,fparysiakn4@meetup.com,Female
834,Isobel,Botly,ibotlyn5@seesaa.net,Genderqueer
835,Bibby,Kollasch,bkollaschn6@usatoday.com,Polygender
836,Nolan,Lambdon,nlambdonn7@tinypic.com,Male
837,Greggory,Cuzen,gcuzenn8@sfgate.com,Male
838,Granthem,Jellico,gjellicon9@unesco.org,Male
839,Obediah,Landsborough,olandsboroughna@addthis.com,Non-binary
840,Sebastian,Batiste,sbatistenb@noaa.gov,Male
841,Salli,Wilford,swilfordnc@intel.com,Female
842,Lutero,Gherardini,lgherardinind@webmd.com,Male
843,Emmet,Carnihan,ecarnihanne@i2i.jp,Male
844,Germaine,Balas,gbalasnf@cbsnews.com,Female
845,Pammy,Firminger,pfirmingerng@china.com.cn,Female
846,Chico,Birchner,cbirchnernh@free.fr,Male
847,Nester,Norkett,nnorkettni@ed.gov,Male
848,Yance,Shillitoe,yshillitoenj@domainmarket.com,Bigender
849,Tatiana,Sanbrook,tsanbrooknk@surveymonkey.com,Female
850,Rheta,Revel,rrevelnl@qq.com,Female
851,Chrysa,de Keyser,cdekeysernm@hp.com,Polygender
852,Roberto,Fiddiman,rfiddimannn@meetup.com,Male
853,Sarene,Cotterrill,scotterrillno@surveymonkey.com,Female
854,Norbert,Piddle,npiddlenp@godaddy.com,Male
855,Florence,Glide,fglidenq@1und1.de,Female
856,Vivyan,Snewin,vsnewinnr@wikispaces.com,Female
857,Merwyn,Snalom,msnalomns@storify.com,Male
858,Dorry,Pindar,dpindarnt@tumblr.com,Female
859,Jacenta,Aldersea,jalderseanu@edublogs.org,Female
860,Tammara,Colls,tcollsnv@macromedia.com,Female
861,Matt,Bollins,mbollinsnw@infoseek.co.jp,Male
862,Karolina,Berthod,kberthodnx@reference.com,Female
863,Andra,Nowill,anowillny@tinypic.com,Genderqueer
864,Chaim,Proudlove,cproudlovenz@nps.gov,Male
865,Glenn,Guesford,gguesfordo0@ameblo.jp,Male
866,Eloise,Alu,ealuo1@china.com.cn,Female
867,Carmina,cornhill,ccornhillo2@narod.ru,Female
868,Jo-anne,Wayne,jwayneo3@sitemeter.com,Genderfluid
869,Caria,Pickthorn,cpickthorno4@ucla.edu,Female
870,Carny,Klaggeman,cklaggemano5@mozilla.com,Male
871,Ramsay,Gillbanks,rgillbankso6@dagondesign.com,Male
872,Wilie,Tideswell,wtideswello7@ocn.ne.jp,Female
873,Tadeo,Brooker,tbrookero8@ifeng.com,Male
874,Tamarra,McClintock,tmcclintocko9@oracle.com,Female
875,Lila,Kingzeth,lkingzethoa@prlog.org,Agender
876,Luca,Brownett,lbrownettob@yellowbook.com,Male
877,Nessa,Jutson,njutsonoc@hhs.gov,Female
878,Lexis,Derrett,lderrettod@delicious.com,Female
879,Davey,Bargery,dbargeryoe@webnode.com,Male
880,Barty,Scowcraft,bscowcraftof@hp.com,Male
881,Allina,Kobiela,akobielaog@mozilla.org,Female
882,Xenia,Erett,xerettoh@nasa.gov,Female
883,Madelena,Synan,msynanoi@topsy.com,Female
884,Gigi,Hogbourne,ghogbourneoj@omniture.com,Female
885,Janette,Kestin,jkestinok@desdev.cn,Female
886,Tiler,Houchin,thouchinol@w3.org,Male
887,Chiquia,Rolfo,crolfoom@diigo.com,Female
888,Valerye,Cayle,vcayleon@jimdo.com,Female
889,Rosaleen,Pennetti,rpennettioo@ihg.com,Female
890,Adella,Dethloff,adethloffop@skyrock.com,Female
891,Mylo,Tommaseo,mtommaseooq@bloomberg.com,Male
892,Leela,Danskine,ldanskineor@scribd.com,Female
893,Alexio,Coronas,acoronasos@netvibes.com,Male
894,Carmela,Bidewell,cbidewellot@ucsd.edu,Female
895,Gates,Ledekker,gledekkerou@msn.com,Female
896,Cazzie,Abden,cabdenov@networksolutions.com,Male
897,Muriel,Salamon,msalamonow@icio.us,Genderfluid
898,Pernell,Fitzsimons,pfitzsimonsox@google.nl,Male
899,Dionysus,Pettipher,dpettipheroy@businessinsider.com,Male
900,Sile,Stolle,sstolleoz@ihg.com,Female
901,Fairfax,Roset,frosetp0@nhs.uk,Male
902,Alessandro,Woodison,awoodisonp1@arstechnica.com,Male
903,Giusto,Boobier,gboobierp2@gizmodo.com,Male
904,Veronica,Hartzog,vhartzogp3@indiatimes.com,Female
905,Ondrea,Verrall,overrallp4@craigslist.org,Female
906,Patrice,Shrawley,pshrawleyp5@lulu.com,Female
907,Ferrel,Brummitt,fbrummittp6@xing.com,Male
908,Margot,Shenton,mshentonp7@sina.com.cn,Female
909,Matti,Jacquot,mjacquotp8@altervista.org,Female
910,Charmine,Halso,chalsop9@biblegateway.com,Female
911,Raychel,Giacomelli,rgiacomellipa@mapquest.com,Female
912,Elwood,O'Dea,eodeapb@joomla.org,Male
913,Tamara,Lyddy,tlyddypc@tinypic.com,Female
914,Otto,McSkin,omcskinpd@wiley.com,Male
915,Camilla,Castellaccio,ccastellacciope@amazon.co.jp,Female
916,Mace,Keston,mkestonpf@ed.gov,Male
917,Sawyer,Hancke,shanckepg@cornell.edu,Male
918,Millard,Lynas,mlynasph@privacy.gov.au,Male
919,Brigitte,Dyde,bdydepi@myspace.com,Female
920,Margarita,Jurgensen,mjurgensenpj@skyrock.com,Female
921,Devin,Hindshaw,dhindshawpk@phoca.cz,Female
922,Weylin,Harkins,wharkinspl@google.cn,Male
923,Geraldine,Readwin,greadwinpm@senate.gov,Female
924,Kaylyn,Gudgion,kgudgionpn@smh.com.au,Female
925,Madelaine,Chaffin,mchaffinpo@bing.com,Female
926,Faber,Doonican,fdoonicanpp@ca.gov,Male
927,Deerdre,Vaneschi,dvaneschipq@uiuc.edu,Female
928,Caren,Glenister,cglenisterpr@360.cn,Female
929,Ugo,Siflet,usifletps@paginegialle.it,Male
930,Rhodie,Catmull,rcatmullpt@domainmarket.com,Female
931,Dewain,Dy,ddypu@yolasite.com,Male
932,Devinne,Adamowicz,dadamowiczpv@flavors.me,Female
933,Myrna,Pabelik,mpabelikpw@typepad.com,Female
934,Keary,Noriega,knoriegapx@washington.edu,Male
935,Bernard,Antoons,bantoonspy@microsoft.com,Male
936,Edwin,Mayer,emayerpz@storify.com,Genderqueer
937,Courtnay,Tibb,ctibbq0@live.com,Male
938,Farrel,Bailey,fbaileyq1@forbes.com,Male
939,Bryn,Shoulder,bshoulderq2@java.com,Male
940,Ellswerth,Conochie,econochieq3@bloomberg.com,Male
941,Mignonne,Rivlin,mrivlinq4@nationalgeographic.com,Female
942,Rafaela,Rolston,rrolstonq5@fotki.com,Female
943,Andriana,Culcheth,aculchethq6@so-net.ne.jp,Female
944,Annie,Chick,achickq7@studiopress.com,Female
945,Cordey,Callaghan,ccallaghanq8@1688.com,Female
946,Roxi,Le Lievre,rlelievreq9@huffingtonpost.com,Female
947,Bancroft,Dyster,bdysterqa@cdc.gov,Genderfluid
948,Wakefield,Bevis,wbevisqb@instagram.com,Male
949,Daron,Tolhurst,dtolhurstqc@cornell.edu,Female
950,Nehemiah,Dumini,nduminiqd@angelfire.com,Male
951,Vincenty,Gosnold,vgosnoldqe@time.com,Genderfluid
952,Gibbie,McFie,gmcfieqf@geocities.com,Male
953,Debbi,Baudet,dbaudetqg@statcounter.com,Female
954,Marlin,Lillecrop,mlillecropqh@360.cn,Genderqueer
955,Clarance,Gannicleff,cgannicleffqi@wunderground.com,Male
956,Dewain,Leakner,dleaknerqj@phpbb.com,Male
957,Wallie,Audenis,waudenisqk@gmpg.org,Male
958,Aleksandr,Folkerd,afolkerdql@diigo.com,Male
959,Torey,Pearce,tpearceqm@fda.gov,Male
960,Tessa,Letteresse,tletteresseqn@blogspot.com,Female
961,Ody,Readings,oreadingsqo@independent.co.uk,Male
962,Blakelee,Wethered,bwetheredqp@1688.com,Female
963,Kalvin,Hearsey,khearseyqq@4shared.com,Male
964,Bennett,Menpes,bmenpesqr@rambler.ru,Male
965,Roderick,Wigg,rwiggqs@cdc.gov,Male
966,Cammie,Brouwer,cbrouwerqt@slate.com,Female
967,Herb,Geistbeck,hgeistbeckqu@dyndns.org,Genderqueer
968,Angus,Manclark,amanclarkqv@toplist.cz,Male
969,Charlena,Ambrus,cambrusqw@apple.com,Female
970,Terrill,Durbin,tdurbinqx@drupal.org,Male
971,Rozalie,Chimenti,rchimentiqy@sitemeter.com,Female
972,Barron,Probetts,bprobettsqz@weather.com,Male
973,Artemas,Lacase,alacaser0@wordpress.org,Male
974,Sibby,Polamontayne,spolamontayner1@wufoo.com,Genderfluid
975,Birch,Fould,bfouldr2@indiatimes.com,Male
976,Kerstin,Addis,kaddisr3@google.com,Female
977,Binny,Flockhart,bflockhartr4@exblog.jp,Female
978,Gawen,Insworth,ginsworthr5@phpbb.com,Bigender
979,Ruttger,Stallwood,rstallwoodr6@wired.com,Male
980,Vince,Bute,vbuter7@opensource.org,Genderqueer
981,Flory,Stancliffe,fstancliffer8@hud.gov,Male
982,Paulie,Higgoe,phiggoer9@aboutads.info,Male
983,Bartolemo,Spencley,bspencleyra@nyu.edu,Genderqueer
984,Isaac,Drei,idreirb@gov.uk,Male
985,Rozella,Walmsley,rwalmsleyrc@usatoday.com,Female
986,Ari,Emmanueli,aemmanuelird@angelfire.com,Male
987,Gerard,Franies,gfraniesre@pen.io,Male
988,Kristian,McEntee,kmcenteerf@buzzfeed.com,Male
989,Daveen,Sambell,dsambellrg@diigo.com,Female
990,Hunfredo,Tuison,htuisonrh@cargocollective.com,Male
991,Ertha,Ironmonger,eironmongerri@eepurl.com,Female
992,Eddie,Darter,edarterrj@shop-pro.jp,Male
993,Wren,Heddon,wheddonrk@themeforest.net,Female
994,Merv,Bather,mbatherrl@cbc.ca,Male
995,Andras,Newlands,anewlandsrm@deliciousdays.com,Genderqueer
996,Wit,Jadczak,wjadczakrn@yellowbook.com,Male
997,Gibb,Sawyers,gsawyersro@utexas.edu,Male
998,Laney,Petrovykh,lpetrovykhrp@privacy.gov.au,Female
999,Godfree,Cabel,gcabelrq@yelp.com,Male
1000,Xavier,Selliman,xsellimanrr@purevolume.com,Male
